"area__ha","umd_tree_cover_extent_2000__ha"
66929667.40516485,42863374.09366504
